{
  "id": "1039987",
  "name": "myweb",
  "font_family": "iconfont",
  "css_prefix_text": "icon-",
  "description": "",
  "glyphs": [
    {
      "icon_id": "13105239",
      "name": "vue",
      "font_class": "vue",
      "unicode": "e627",
      "unicode_decimal": 58919
    },
    {
      "icon_id": "11867895",
      "name": "shoucang",
      "font_class": "shoucang1",
      "unicode": "e626",
      "unicode_decimal": 58918
    },
    {
      "icon_id": "11867471",
      "name": "编辑",
      "font_class": "bianji",
      "unicode": "e625",
      "unicode_decimal": 58917
    },
    {
      "icon_id": "11867461",
      "name": "删除",
      "font_class": "shanchu",
      "unicode": "e624",
      "unicode_decimal": 58916
    },
    {
      "icon_id": "11833510",
      "name": "+号",
      "font_class": "hao",
      "unicode": "e623",
      "unicode_decimal": 58915
    },
    {
      "icon_id": "11771484",
      "name": "新版",
      "font_class": "xinban",
      "unicode": "e621",
      "unicode_decimal": 58913
    },
    {
      "icon_id": "11749596",
      "name": "google",
      "font_class": "google",
      "unicode": "e620",
      "unicode_decimal": 58912
    },
    {
      "icon_id": "11747784",
      "name": "Facebook",
      "font_class": "Facebook",
      "unicode": "e61f",
      "unicode_decimal": 58911
    },
    {
      "icon_id": "11746872",
      "name": "微博",
      "font_class": "weibo",
      "unicode": "e61e",
      "unicode_decimal": 58910
    },
    {
      "icon_id": "11793271",
      "name": "微博",
      "font_class": "weibo-copy",
      "unicode": "e622",
      "unicode_decimal": 58914
    },
    {
      "icon_id": "11364203",
      "name": "收藏",
      "font_class": "shoucang",
      "unicode": "e61c",
      "unicode_decimal": 58908
    },
    {
      "icon_id": "11367407",
      "name": "收藏",
      "font_class": "shoucang-copy",
      "unicode": "e61d",
      "unicode_decimal": 58909
    },
    {
      "icon_id": "10326179",
      "name": "脚印 足迹 访客",
      "font_class": "jiaoyinzujifangke",
      "unicode": "e61b",
      "unicode_decimal": 58907
    },
    {
      "icon_id": "10326178",
      "name": "文章",
      "font_class": "wenzhang",
      "unicode": "e61a",
      "unicode_decimal": 58906
    },
    {
      "icon_id": "10326175",
      "name": "用户",
      "font_class": "yonghu",
      "unicode": "e619",
      "unicode_decimal": 58905
    },
    {
      "icon_id": "10326166",
      "name": "后十年 手机号",
      "font_class": "houshinianshoujihao",
      "unicode": "e618",
      "unicode_decimal": 58904
    },
    {
      "icon_id": "10326162",
      "name": "邮箱",
      "font_class": "youxiang",
      "unicode": "e617",
      "unicode_decimal": 58903
    },
    {
      "icon_id": "10326112",
      "name": "csdn",
      "font_class": "csdn",
      "unicode": "e616",
      "unicode_decimal": 58902
    },
    {
      "icon_id": "10326107",
      "name": "学校",
      "font_class": "xuexiao",
      "unicode": "e615",
      "unicode_decimal": 58901
    },
    {
      "icon_id": "10325836",
      "name": "指缘地点5",
      "font_class": "zhiyuandidian",
      "unicode": "e614",
      "unicode_decimal": 58900
    },
    {
      "icon_id": "10325812",
      "name": "地点 (1)",
      "font_class": "jiadidian",
      "unicode": "e613",
      "unicode_decimal": 58899
    },
    {
      "icon_id": "10325799",
      "name": "地点",
      "font_class": "didian",
      "unicode": "e612",
      "unicode_decimal": 58898
    },
    {
      "icon_id": "9293586",
      "name": "github",
      "font_class": "github",
      "unicode": "e611",
      "unicode_decimal": 58897
    },
    {
      "icon_id": "9293585",
      "name": "新主页",
      "font_class": "zhuye1",
      "unicode": "e610",
      "unicode_decimal": 58896
    },
    {
      "icon_id": "9293580",
      "name": "主页",
      "font_class": "zhuye",
      "unicode": "e60f",
      "unicode_decimal": 58895
    },
    {
      "icon_id": "9287716",
      "name": "微信",
      "font_class": "weixin3",
      "unicode": "e60e",
      "unicode_decimal": 58894
    },
    {
      "icon_id": "9272786",
      "name": "微信(1)",
      "font_class": "weixin2",
      "unicode": "e60d",
      "unicode_decimal": 58893
    },
    {
      "icon_id": "9272783",
      "name": "微信",
      "font_class": "weixin1",
      "unicode": "e60c",
      "unicode_decimal": 58892
    },
    {
      "icon_id": "9272780",
      "name": "微信",
      "font_class": "weixin",
      "unicode": "e60b",
      "unicode_decimal": 58891
    },
    {
      "icon_id": "7933780",
      "name": "write_fill",
      "font_class": "write_fill",
      "unicode": "e60a",
      "unicode_decimal": 58890
    },
    {
      "icon_id": "7649901",
      "name": "attention_fill",
      "font_class": "attention_fill",
      "unicode": "e609",
      "unicode_decimal": 58889
    },
    {
      "icon_id": "7649899",
      "name": "comment_fill_light",
      "font_class": "comment_fill_light",
      "unicode": "e608",
      "unicode_decimal": 58888
    },
    {
      "icon_id": "7649896",
      "name": "people_fill",
      "font_class": "people_fill",
      "unicode": "e607",
      "unicode_decimal": 58887
    },
    {
      "icon_id": "7649895",
      "name": "tag_fill",
      "font_class": "tag_fill1",
      "unicode": "e606",
      "unicode_decimal": 58886
    },
    {
      "icon_id": "7649894",
      "name": "tag_fill",
      "font_class": "tag_fill",
      "unicode": "e605",
      "unicode_decimal": 58885
    },
    {
      "icon_id": "7649891",
      "name": "news_hot_fill",
      "font_class": "news_hot_fill",
      "unicode": "e604",
      "unicode_decimal": 58884
    },
    {
      "icon_id": "7649889",
      "name": "appreciate_fill",
      "font_class": "appreciate_fill",
      "unicode": "e603",
      "unicode_decimal": 58883
    },
    {
      "icon_id": "7649883",
      "name": "appreciate-1",
      "font_class": "appreciate-",
      "unicode": "e602",
      "unicode_decimal": 58882
    },
    {
      "icon_id": "7649881",
      "name": "appreciate",
      "font_class": "appreciate",
      "unicode": "e601",
      "unicode_decimal": 58881
    }
  ]
}
